epoch	left_pid	left_rxq	left_drops	right_pid	right_rxq	right_drops
1786948889.892234121	33	0	258	41	0	20
1786948890.016038262	33	0	258	41	0	20
1786948890.139297615	33	0	258	41	0	20
1786948890.263068815	33	0	258	41	0	20
1786948890.395312156	33	0	258	41	0	20
1786948890.522798270	33	0	258	41	0	20
1786948890.646100748	33	0	258	41	0	20
1786948890.774066632	33	0	258	41	0	20
1786948890.897123762	33	0	258	41	0	20
1786948891.020588371	33	0	258	41	0	20
1786948891.147187113	33	0	258	41	0	20
1786948891.270114080	33	0	258	41	0	20
1786948891.393762181	33	0	258	41	0	20
1786948891.516972132	33	0	258	41	0	20
1786948891.643549218	33	0	258	41	0	20
1786948891.774847097	33	0	258	41	0	20
1786948891.905922408	33	0	258	41	0	20
1786948892.037667171	33	0	258	41	0	20
1786948892.168970572	33	0	258	41	0	20
1786948892.295691667	33	0	258	41	0	20
1786948892.422437043	33	0	258	41	0	20
1786948892.546262293	33	0	258	41	0	20
1786948892.674813851	33	0	258	41	0	20
1786948892.798944840	33	0	258	41	0	20
1786948892.921569848	33	0	258	41	0	20
1786948893.045548535	33	0	258	41	0	20
1786948893.172040615	33	0	258	41	0	20
1786948893.295440672	33	0	258	41	0	20
1786948893.418055835	33	0	258	41	0	20
1786948893.541587531	33	0	258	41	0	20
1786948893.665215900	33	0	258	41	0	20
1786948893.787485802	33	0	258	41	0	20
1786948893.910380821	33	0	258	41	0	20
1786948894.033192260	33	0	258	41	0	20
1786948894.161133549	33	0	258	41	0	20
1786948894.283757916	33	0	258	41	0	20
1786948894.407248097	33	0	258	41	0	20
1786948894.530757966	33	0	258	41	0	20
1786948894.656470698	33	0	258	41	0	20
1786948894.779408820	33	0	258	41	0	20
1786948894.909927095	33	0	258	41	0	20
1786948895.037258413	33	0	258	41	0	20
1786948895.160237839	33	0	258	41	0	20
1786948895.283302462	33	0	258	41	0	20
1786948895.406316302	33	0	258	41	0	20
1786948895.533796440	33	0	258	41	0	20
1786948895.657736422	33	0	258	41	0	20
1786948895.780993139	33	0	258	41	0	20
1786948895.913449160	33	0	258	41	0	20
1786948896.040971573	33	0	258	41	0	20
1786948896.164130105	33	0	258	41	0	20
1786948896.291743213	33	0	258	41	0	20
1786948896.416930992	33	0	258	41	0	20
1786948896.540116197	33	0	258	41	0	20
1786948896.663786615	33	0	258	41	0	20
1786948896.790373697	33	0	258	41	0	20
1786948896.917598937	33	0	258	41	0	20
1786948897.042291817	33	0	258	41	0	20
1786948897.165794079	33	0	258	41	0	20
1786948897.296922125	33	0	258	41	0	20
1786948897.424398267	33	0	258	41	0	20
1786948897.551063162	33	0	258	41	0	20
1786948897.681285200	33	0	258	41	0	20
1786948897.805183025	33	0	258	41	0	20
1786948897.928472419	33	0	258	41	0	20
1786948898.052231898	33	0	258	41	0	20
1786948898.175542987	33	0	258	41	0	20
1786948898.298777609	33	0	258	41	0	20
1786948898.421901221	33	0	258	41	0	20
1786948898.545452742	33	0	258	41	0	20
1786948898.676256548	33	0	258	41	0	20
1786948898.799564564	33	0	258	41	0	20
1786948898.922131071	33	0	258	41	0	20
1786948899.046204599	33	0	258	41	0	20
1786948899.177789466	33	0	258	41	0	20
1786948899.301072779	33	0	258	41	0	20
1786948899.423634294	33	0	258	41	0	20
1786948899.546878006	33	0	258	41	0	20
1786948899.670088235	33	0	258	41	0	20
1786948899.792758709	33	0	258	41	0	20
1786948899.920607881	33	0	258	41	0	20
1786948900.043657195	33	0	258	41	0	20
1786948900.170759050	33	0	258	41	0	20
1786948900.293606916	33	0	258	41	0	20
1786948900.416326599	33	0	258	41	0	20
1786948900.538769019	33	0	258	41	0	20
1786948900.670007552	33	0	258	41	0	20
1786948900.793048447	33	0	258	41	0	20
1786948900.923241092	33	0	258	41	0	20
1786948901.052292684	33	0	258	41	0	20
1786948901.174694177	33	0	258	41	0	20
1786948901.297332894	33	0	258	41	0	20
1786948901.428876386	33	0	258	41	0	20
1786948901.551184773	33	0	258	41	0	20
1786948901.674498202	33	0	258	41	0	20
1786948901.796376067	33	0	258	41	0	20
1786948901.923552607	33	0	258	41	0	20
1786948902.046083846	33	0	258	41	0	20
1786948902.169018711	33	0	258	41	0	20
1786948902.294844694	33	0	258	41	0	20
1786948902.420925067	33	0	258	41	0	20
1786948902.543630561	33	0	258	41	0	20
1786948902.669884123	33	0	258	41	0	20
1786948902.796678983	33	0	258	41	0	20
1786948902.921913053	33	0	258	41	0	20
1786948903.047987936	33	0	258	41	0	20
1786948903.170533273	33	0	258	41	0	20
1786948903.296743759	33	0	258	41	0	20
1786948903.419485723	33	0	258	41	0	20
1786948903.542003892	33	0	258	41	0	20
1786948903.671924027	33	0	258	41	0	20
1786948903.797508409	33	0	258	41	0	20
1786948903.923882193	33	0	258	41	0	20
1786948904.053997831	33	0	258	41	2304	20
1786948904.179814112	33	0	258	41	0	20
1786948904.302447202	33	0	258	41	0	20
1786948904.425122262	33	0	258	41	2304	20
1786948904.547669924	33	0	258	41	0	20
1786948904.674167052	33	0	258	41	0	20
1786948904.797372271	33	0	258	41	0	20
1786948904.919173789	33	0	258	41	0	20
1786948905.042054349	33	0	258	41	0	20
1786948905.164024027	33	0	258	41	0	20
1786948905.287077730	33	0	258	41	0	20
1786948905.409315734	33	0	258	41	0	20
1786948905.532370041	33	0	258	41	0	20
1786948905.664956672	33	0	258	41	0	20
1786948905.791622568	33	0	258	41	0	20
1786948905.913491616	33	0	258	41	0	20
1786948906.039876876	33	0	258	41	0	20
1786948906.162463280	33	0	258	41	0	20
1786948906.284803073	33	0	258	41	0	20
1786948906.407555418	33	0	258	41	0	20
1786948906.529793931	33	0	258	41	0	20
1786948906.659522426	33	0	258	41	0	20
1786948906.785186162	33	0	258	41	0	20
1786948906.910581274	33	0	258	41	0	20
1786948907.033344081	33	0	258	41	0	20
1786948907.163002804	33	0	258	41	0	20
1786948907.295684171	33	0	258	41	0	20
1786948907.425496576	33	0	258	41	0	20
1786948907.558583091	33	0	258	41	0	20
1786948907.687490368	33	0	258	41	0	20
1786948907.820482455	33	0	258	41	0	20
1786948907.943136067	33	0	258	41	0	20
1786948908.065656938	33	0	258	41	0	20
1786948908.191344890	33	0	258	41	0	20
1786948908.314392832	33	0	258	41	0	20
1786948908.436601386	33	0	258	41	0	20
1786948908.559788282	33	0	258	41	0	20
1786948908.682367646	33	0	258	41	0	20
1786948908.805386518	33	0	258	41	0	20
1786948908.927567942	33	0	258	41	0	20
1786948909.049763452	33	0	258	41	0	20
1786948909.172517780	33	0	258	41	0	20
1786948909.295000557	33	0	258	41	0	20
1786948909.417621154	33	0	258	41	0	20
1786948909.540872921	33	0	258	41	0	20
1786948909.680816254	33	0	258	41	0	20
1786948909.802833991	33	0	258	41	2304	20
1786948909.928332347	33	0	258	41	0	20
1786948910.050582679	33	0	258	41	0	20
1786948910.180329894	33	0	258	41	0	20
1786948910.317114222	33	0	258	41	0	20
1786948910.439233739	33	0	258	41	0	20
1786948910.569303728	33	0	258	41	0	20
1786948910.703181646	33	0	258	41	0	20
1786948910.825169020	33	0	258	41	0	20
1786948910.962222266	33	0	258	41	0	20
1786948911.084396424	33	0	258	41	0	20
1786948911.211473439	33	0	258	41	0	20
1786948911.334489980	33	0	258	41	0	20
1786948911.457202414	33	0	258	41	0	20
1786948911.579397424	33	0	258	41	0	20
1786948911.709488567	33	0	258	41	0	20
1786948911.831433153	33	0	258	41	0	20
1786948911.960534063	33	0	258	41	0	20
1786948912.083319107	33	0	258	41	0	20
1786948912.205676537	33	0	258	41	0	20
1786948912.331578783	33	0	258	41	0	20
1786948912.454542701	33	0	258	41	0	20
1786948912.576763319	33	0	258	41	0	20
1786948912.699423865	33	0	258	41	0	20
1786948912.821669088	33	0	258	41	0	20
1786948912.947932991	33	0	258	41	0	20
1786948913.073580620	33	0	258	41	0	20
1786948913.196217751	33	0	258	41	0	20
1786948913.322032589	33	0	258	41	0	20
1786948913.445174304	33	0	258	41	0	20
1786948913.567683966	33	0	258	41	0	20
1786948913.690681210	33	0	258	41	0	20
1786948913.812691802	33	0	258	41	0	20
1786948913.935728226	33	0	258	41	0	20
1786948914.058129413	33	0	258	41	0	20
1786948914.183562787	33	0	258	41	0	20
1786948914.309596959	33	0	258	41	0	20
1786948914.432513983	33	0	258	41	0	20
1786948914.569506752	33	0	258	41	0	20
1786948914.695916715	33	0	258	41	0	20
1786948914.826659918	33	0	258	41	0	20
1786948914.952949940	33	0	258	41	0	20
1786948915.083638861	33	0	258	41	0	20
1786948915.206684240	33	0	258	41	0	20
1786948915.328884615	33	0	258	41	0	20
1786948915.462402024	33	0	258	41	0	20
1786948915.584753681	33	0	258	41	0	20
1786948915.707830985	33	0	258	41	0	20
1786948915.830278595	33	0	258	41	0	20
1786948915.953382696	33	0	258	41	0	20
1786948916.079261878	33	0	258	41	0	20
1786948916.202070462	33	0	258	41	0	20
1786948916.331568802	33	0	258	41	0	20
1786948916.454482384	33	0	258	41	0	20
1786948916.577335112	33	0	258	41	0	20
1786948916.699600309	33	0	258	41	0	20
1786948916.822333005	33	0	258	41	0	20
1786948916.959577460	33	0	258	41	0	20
1786948917.081900673	33	0	258	41	0	20
1786948917.204329945	33	0	258	41	0	20
1786948917.326754441	33	0	258	41	0	20
1786948917.452963228	33	0	258	41	0	20
1786948917.575273425	33	0	258	41	0	20
1786948917.697853987	33	0	258	41	0	20
1786948917.826914105	33	0	258	41	0	20
1786948917.954176521	33	0	258	41	0	20
1786948918.080021238	33	0	258	41	0	20
1786948918.209480057	33	0	258	41	0	20
1786948918.331791779	33	0	258	41	0	20
1786948918.457926387	33	0	258	41	0	20
1786948918.580485375	33	0	258	41	0	20
1786948918.713955272	33	0	258	41	0	20
1786948918.840562021	33	0	258	41	0	20
1786948918.963077879	33	0	258	41	0	20
1786948919.086032103	33	0	258	41	0	20
1786948919.208007532	33	0	258	41	0	20
1786948919.331060461	33	0	258	41	0	20
1786948919.453432027	33	0	258	41	0	20
1786948919.576414384	33	0	258	41	0	20
1786948919.698849032	33	0	258	41	0	20
1786948919.822039102	33	0	258	41	0	20
1786948919.947781036	33	0	258	41	0	20
1786948920.077982118	33	0	258	41	0	20
1786948920.200340906	33	0	258	41	0	20
1786948920.323136275	33	0	258	41	0	20
1786948920.449116571	33	0	258	41	0	20
1786948920.574649528	33	0	258	41	0	20
1786948920.697169101	33	0	258	41	0	20
1786948920.819390374	33	0	258	41	0	20
1786948920.945202238	33	0	258	41	0	20
1786948921.075134667	33	0	258	41	0	20
1786948921.213024654	33	0	258	41	0	20
1786948921.343298872	33	0	258	41	0	20
1786948921.467035646	33	0	258	41	0	20
1786948921.597618812	33	0	258	41	0	20
1786948921.720303800	33	0	258	41	0	20
1786948921.846052430	33	0	258	41	0	20
1786948921.969114284	33	0	258	41	0	20
1786948922.103515982	33	0	258	41	0	20
1786948922.232250000	33	0	258	41	0	20
1786948922.373898400	33	0	258	41	0	20
1786948922.496770844	33	0	258	41	0	20
1786948922.627226110	33	0	258	41	0	20
1786948922.753314263	33	0	258	41	0	20
1786948922.886283289	33	0	258	41	0	20
1786948923.018005591	33	0	258	41	0	20
1786948923.144834383	33	0	258	41	0	20
1786948923.267609266	33	0	258	41	0	20
1786948923.390628399	33	0	258	41	0	20
1786948923.513926821	33	0	258	41	0	20
1786948923.636647226	33	0	258	41	0	20
1786948923.770476072	33	0	258	41	0	20
1786948923.892813872	33	0	258	41	0	20
1786948924.015922508	33	0	258	41	0	20
1786948924.138467583	33	0	258	41	0	20
1786948924.261364495	33	0	258	41	0	20
1786948924.383834783	33	0	258	41	0	20
1786948924.507163164	33	0	258	41	0	20
1786948924.630567735	33	0	258	41	0	20
1786948924.757255803	33	0	258	41	0	20
1786948924.879584096	33	0	258	41	0	20
1786948925.009716793	33	2304	258	41	0	20
1786948925.135870195	33	0	258	41	0	20
1786948925.260092720	33	0	258	41	0	20
1786948925.382854452	33	0	258	41	0	20
1786948925.523978719	33	0	258	41	0	20
1786948925.650628639	33	0	258	41	0	20
1786948925.773455805	33	0	258	41	0	20
1786948925.896296037	33	0	258	41	0	20
1786948926.018753928	33	0	258	41	0	20
1786948926.141853534	33	0	258	41	0	20
1786948926.268392719	33	0	258	41	0	20
1786948926.398558085	33	0	258	41	0	20
1786948926.522244471	33	0	258	41	0	20
1786948926.644757219	33	0	258	41	0	20
1786948926.768221821	33	0	258	41	0	20
1786948926.890389678	33	0	258	41	0	20
1786948927.016940864	33	0	258	41	0	20
1786948927.139977604	33	0	258	41	0	20
1786948927.263198152	33	0	258	41	0	20
1786948927.411852173	33	0	258	41	0	20
1786948927.538754709	33	0	258	41	0	20
1786948927.661168118	33	0	258	41	0	20
1786948927.799148225	33	0	258	41	0	20
1786948927.925422876	33	0	258	41	0	20
1786948928.048355378	33	0	258	41	0	20
1786948928.171567390	33	0	258	41	0	20
1786948928.298148168	33	0	258	41	0	20
1786948928.427577929	33	0	258	41	0	20
1786948928.554718918	33	0	258	41	0	20
1786948928.677244213	33	0	258	41	0	20
1786948928.800564800	33	0	258	41	0	20
1786948928.926679083	33	0	258	41	0	20
1786948929.057502109	33	0	258	41	0	20
1786948929.188022615	33	0	258	41	0	20
1786948929.318909908	33	0	258	41	0	20
1786948929.449346181	33	0	258	41	0	20
1786948929.572762991	33	0	258	41	0	20
1786948929.696339993	33	0	258	41	0	20
1786948929.830636492	33	0	258	41	0	20
1786948929.964572634	33	0	258	41	0	20
1786948930.087577998	33	0	258	41	0	20
1786948930.220969302	33	0	258	41	0	20
1786948930.358468736	33	0	258	41	0	20
1786948930.482004057	33	0	258	41	0	20
1786948930.608118781	33	0	258	41	0	20
1786948930.735027317	33	0	258	41	0	20
1786948930.857387161	33	0	258	41	0	20
1786948930.990845766	33	0	258	41	0	20
1786948931.120835611	33	0	258	41	0	20
1786948931.247586355	33	0	258	41	0	20
1786948931.377054358	33	0	258	41	0	20
1786948931.504819217	33	0	258	41	0	20
1786948931.628407953	33	0	258	41	0	20
1786948931.750756377	33	0	258	41	0	20
1786948931.873712294	33	0	258	41	0	20
1786948932.000207635	33	0	258	41	0	20
1786948932.123736266	33	0	258	41	0	20
1786948932.246298483	33	0	258	41	0	20
1786948932.373193486	33	0	258	41	0	20
1786948932.495688260	33	0	258	41	0	20
1786948932.623051320	33	0	258	41	0	20
1786948932.748922061	33	0	258	41	0	20
1786948932.878839054	33	0	258	41	0	20
1786948933.005112127	33	0	258	41	0	20
1786948933.131285032	33	0	258	41	0	20
1786948933.254643059	33	0	258	41	0	20
1786948933.385089587	33	0	258	41	0	20
1786948933.508091798	33	0	258	41	0	20
1786948933.639340162	33	0	258	41	0	20
1786948933.761378642	33	0	258	41	0	20
1786948933.885293527	33	0	258	41	0	20
1786948934.012320907	33	0	258	41	0	20
1786948934.135700306	33	0	258	41	0	20
1786948934.272321796	33	2304	258	41	2304	20
1786948934.409209008	33	0	258	41	0	20
1786948934.531979540	33	0	258	41	0	20
1786948934.662264161	33	0	258	41	0	20
1786948934.788833895	33	0	258	41	0	20
1786948934.919791480	33	0	258	41	0	20
1786948935.042529007	33	0	258	41	0	20
1786948935.165256824	33	0	258	41	0	20
1786948935.292541421	33	0	258	41	0	20
1786948935.418929344	33	0	258	41	0	20
1786948935.561428200	33	0	258	41	0	20
1786948935.691260907	33	0	258	41	0	20
1786948935.813407422	33	0	258	41	0	20
1786948935.939456466	33	0	258	41	0	20
1786948936.062943119	33	0	258	41	0	20
1786948936.185551961	33	0	258	41	0	20
1786948936.312519329	33	0	258	41	0	20
1786948936.434873573	33	0	258	41	0	20
1786948936.562121105	33	0	258	41	0	20
1786948936.696165377	33	0	258	41	0	20
1786948936.818679745	33	0	258	41	0	20
1786948936.940812661	33	0	258	41	0	20
1786948937.064218842	33	0	258	41	0	20
1786948937.190688327	33	0	258	41	0	20
1786948937.321372246	33	0	258	41	0	20
1786948937.444231608	33	0	258	41	0	20
1786948937.578515166	33	0	258	41	0	20
1786948937.700690039	33	0	258	41	0	20
1786948937.826789217	33	0	258	41	0	20
1786948937.950095423	33	0	258	41	0	20
1786948938.072680051	33	0	258	41	0	20
1786948938.195418513	33	0	258	41	0	20
1786948938.318596632	33	0	258	41	0	20
1786948938.441554406	33	0	258	41	0	20
1786948938.564918263	33	0	258	41	0	20
1786948938.687591697	33	0	258	41	0	20
1786948938.810628298	33	0	258	41	0	20
1786948938.936677179	33	0	258	41	0	20
1786948939.063619251	33	0	258	41	2304	20
1786948939.186712816	33	0	258	41	0	20
1786948939.309722044	33	0	258	41	0	20
1786948939.432248511	33	0	258	41	0	20
1786948939.555450827	33	0	258	41	0	20
1786948939.682065621	33	0	258	41	0	20
1786948939.808186521	33	0	258	41	0	20
1786948939.931345828	33	0	258	41	0	20
1786948940.053629955	33	0	258	41	0	20
1786948940.180062141	33	0	258	41	0	20
1786948940.303156016	33	0	258	41	0	20
1786948940.426571725	33	0	258	41	0	20
1786948940.552760474	33	0	258	41	0	20
1786948940.676254204	33	0	258	41	0	20
1786948940.802602078	33	0	258	41	0	20
1786948940.924612823	33	0	258	41	0	20
1786948941.047571968	33	0	258	41	0	20
1786948941.171181724	33	0	258	41	0	20
1786948941.304632743	33	0	258	41	0	20
1786948941.427723509	33	0	258	41	0	20
1786948941.554671463	33	0	258	41	0	20
1786948941.677728039	33	0	258	41	0	20
1786948941.799935052	33	0	258	41	0	20
1786948941.922368832	33	0	258	41	0	20
1786948942.044412844	33	0	258	41	0	20
1786948942.167590933	33	0	258	41	0	20
1786948942.290740706	33	0	258	41	0	20
1786948942.417826762	33	0	258	41	0	20
1786948942.544549417	33	0	258	41	0	20
1786948942.666986800	33	0	258	41	0	20
1786948942.794523573	33	0	258	41	0	20
1786948942.921248792	33	0	258	41	0	20
1786948943.047663957	33	0	258	41	0	20
1786948943.182422838	33	0	258	41	0	20
1786948943.304841759	33	0	258	41	0	20
1786948943.428825866	33	0	258	41	0	20
1786948943.552018650	33	0	258	41	0	20
1786948943.675130287	33	0	258	41	0	20
1786948943.797569415	33	0	258	41	0	20
1786948943.924142717	33	0	258	41	0	20
1786948944.054887533	33	0	258	41	0	20
1786948944.181698819	33	0	258	41	0	20
1786948944.304793459	33	0	258	41	0	20
1786948944.431847070	33	0	258	41	0	20
1786948944.559029530	33	0	258	41	0	20
1786948944.697917857	33	0	258	41	0	20
1786948944.824379277	33	0	258	41	0	20
1786948944.947263445	33	0	258	41	0	20
1786948945.070322898	33	2304	258	41	0	20
1786948945.197706561	33	0	258	41	0	20
1786948945.325632479	33	0	258	41	0	20
1786948945.453379015	33	0	258	41	0	20
1786948945.584831664	33	0	258	41	0	20
1786948945.707941105	33	0	258	41	0	20
1786948945.830713938	33	0	258	41	0	20
1786948945.958237918	33	0	258	41	0	20
1786948946.081893936	33	0	258	41	0	20
1786948946.204754606	33	0	258	41	0	20
1786948946.331560678	33	0	258	41	0	20
1786948946.462583715	33	0	258	41	0	20
1786948946.585723696	33	0	258	41	0	20
1786948946.709116820	33	0	258	41	0	20
1786948946.832392705	33	0	258	41	0	20
1786948946.959169918	33	0	258	41	0	20
1786948947.093108032	33	0	258	41	0	20
1786948947.220241388	33	0	258	41	0	20
1786948947.350030016	33	0	258	41	0	20
1786948947.472947110	33	0	258	41	0	20
1786948947.596603646	33	0	258	41	0	20
1786948947.719579762	33	0	258	41	0	20
1786948947.842282779	33	0	258	41	0	20
1786948947.972817334	33	0	258	41	2304	20
1786948948.110575802	33	0	258	41	0	20
1786948948.241188755	33	0	258	41	0	20
1786948948.371832003	33	0	258	41	0	20
1786948948.496409739	33	0	258	41	0	20
1786948948.619403117	33	0	258	41	0	20
1786948948.743101621	33	0	258	41	0	20
1786948948.869910349	33	0	258	41	0	20
1786948949.000811713	33	0	258	41	0	20
1786948949.123414215	33	0	258	41	0	20
1786948949.259027414	33	0	258	41	0	20
1786948949.382201786	33	0	258	41	0	20
1786948949.505059118	33	0	258	41	0	20
1786948949.634580743	33	0	258	41	0	20
1786948949.757602022	33	0	258	41	0	20
1786948949.884715004	33	0	258	41	0	20
1786948950.009372934	33	0	258	41	0	20
1786948950.131572932	33	0	258	41	0	20
1786948950.254331329	33	0	258	41	0	20
1786948950.377379082	33	0	258	41	0	20
1786948950.500068535	33	0	258	41	0	20
1786948950.623004470	33	0	258	41	0	20
1786948950.758451199	33	0	258	41	0	20
1786948950.885379666	33	0	258	41	0	20
1786948951.008117383	33	0	258	41	0	20
1786948951.130428481	33	0	258	41	0	20
1786948951.257907238	33	0	258	41	0	20
1786948951.384764559	33	0	258	41	0	20
1786948951.507727108	33	0	258	41	0	20
1786948951.634384801	33	0	258	41	0	20
1786948951.758278178	33	0	258	41	0	20
1786948951.891963418	33	0	258	41	0	20
1786948952.025327113	33	0	258	41	0	20
1786948952.159148250	33	0	258	41	0	20
1786948952.282551112	33	0	258	41	0	20
1786948952.413945219	33	0	258	41	0	20
1786948952.547268806	33	0	258	41	0	20
1786948952.676296810	33	0	258	41	0	20
1786948952.799620258	33	0	258	41	0	20
1786948952.922871086	33	0	258	41	0	20
1786948953.049611984	33	0	258	41	0	20
1786948953.172279906	33	0	258	41	0	20
1786948953.294862018	33	0	258	41	0	20
1786948953.417996635	33	0	258	41	0	20
1786948953.540844704	33	0	258	41	0	20
1786948953.668111338	33	0	258	41	2304	20
1786948953.791062672	33	0	258	41	0	20
1786948953.918512635	33	0	258	41	0	20
1786948954.041489199	33	0	258	41	0	20
1786948954.164271483	33	0	258	41	0	20
1786948954.294639858	33	0	258	41	0	20
1786948954.429523532	33	0	258	41	0	20
1786948954.552747278	33	0	258	41	0	20
1786948954.682474008	33	0	258	41	0	20
1786948954.809583919	33	0	258	41	0	20
1786948954.932732396	33	0	258	41	0	20
1786948955.060055845	33	0	258	41	0	20
1786948955.183049194	33	0	258	41	0	20
1786948955.314502478	33	0	258	41	0	20
1786948955.440861171	33	0	258	41	0	20
1786948955.571877404	33	0	258	41	0	20
1786948955.698374448	33	0	258	41	0	20
1786948955.821731967	33	0	258	41	0	20
1786948955.944060878	33	0	258	41	0	20
1786948956.067155307	33	0	258	41	0	20
1786948956.190403262	33	0	258	41	0	20
1786948956.314250789	33	0	258	41	0	20
1786948956.448475583	33	0	258	41	0	20
1786948956.571676782	33	0	258	41	0	20
1786948956.694760772	33	0	258	41	0	20
1786948956.818067378	33	0	258	41	0	20
1786948956.944869245	33	0	258	41	0	20
1786948957.067622694	33	0	258	41	0	20
1786948957.194524017	33	0	258	41	0	20
1786948957.318245191	33	0	258	41	0	20
1786948957.441294621	33	0	258	41	0	20
1786948957.567929639	33	0	258	41	0	20
1786948957.691012913	33	0	258	41	0	20
1786948957.825334984	33	0	258	41	0	20
1786948957.955380339	33	0	258	41	0	20
1786948958.078600050	33	0	258	41	0	20
1786948958.209326714	33	0	258	41	0	20
1786948958.332248365	33	0	258	41	0	20
1786948958.458236681	33	0	258	41	0	20
1786948958.581324540	33	0	258	41	0	20
1786948958.710946354	33	0	258	41	0	20
1786948958.838306199	33	0	258	41	0	20
1786948958.961553261	33	0	258	41	0	20
1786948959.084879055	33	0	258	41	0	20
1786948959.208254411	33	0	258	41	0	20
1786948959.336186003	33	0	258	41	0	20
1786948959.466914996	33	0	258	41	0	20
1786948959.594516496	33	0	258	41	0	20
1786948959.746613597	33	0	258	41	0	20
1786948959.869761681	33	0	258	41	0	20
1786948959.997300468	33	0	258	41	2304	20
1786948960.133333551	33	0	258	41	0	20
1786948960.264613411	33	0	258	41	0	20
1786948960.391465866	33	0	258	41	0	20
1786948960.518627238	33	0	258	41	0	20
1786948960.648812649	33	0	258	41	0	20
1786948960.775727865	33	0	258	41	0	20
1786948960.898881939	33	0	258	41	0	20
1786948961.022127913	33	0	258	41	0	20
1786948961.145126068	33	0	258	41	0	20
1786948961.267807640	33	0	258	41	0	20
1786948961.393915668	33	0	258	41	0	20
1786948961.527599771	33	0	258	41	0	20
1786948961.659035947	33	0	258	41	0	20
1786948961.786193999	33	0	258	41	0	20
1786948961.910042650	33	0	258	41	0	20
1786948962.037296235	33	0	258	41	0	20
1786948962.165637231	33	0	258	41	0	20
1786948962.288917287	33	0	258	41	0	20
1786948962.429796197	33	0	258	41	0	20
1786948962.552841123	33	0	258	41	0	20
1786948962.680161372	33	0	258	41	0	20
1786948962.811464024	33	0	258	41	0	20
1786948962.934838353	33	0	258	41	0	20
1786948963.067574252	33	0	258	41	0	20
1786948963.196385108	33	0	258	41	0	20
1786948963.319445574	33	0	258	41	0	20
1786948963.446352202	33	0	258	41	0	20
1786948963.569451945	33	0	258	41	0	20
1786948963.692416258	33	0	258	41	0	20
1786948963.816175087	33	0	258	41	2304	20
1786948963.941359948	33	0	258	41	0	20
1786948964.069172953	33	0	258	41	0	20
1786948964.192399635	33	0	258	41	0	20
1786948964.330602585	33	0	258	41	0	20
1786948964.457538747	33	0	258	41	0	20
1786948964.583850116	33	0	258	41	0	20
1786948964.706891715	33	0	258	41	0	20
1786948964.832856856	33	0	258	41	0	20
1786948964.956441078	33	0	258	41	0	20
1786948965.095490536	33	0	258	41	0	20
1786948965.218605458	33	0	258	41	0	20
1786948965.341990799	33	0	258	41	0	20
1786948965.469678917	33	0	258	41	0	20
1786948965.598389415	33	0	258	41	0	20
1786948965.729685582	33	0	258	41	0	20
1786948965.857252796	33	0	258	41	0	20
1786948965.980055373	33	0	258	41	0	20
1786948966.103234887	33	0	258	41	0	20
1786948966.233394659	33	0	258	41	0	20
1786948966.364954037	33	0	258	41	0	20
1786948966.491646441	33	0	258	41	0	20
1786948966.614769243	33	0	258	41	0	20
1786948966.744478816	33	0	258	41	0	20
1786948966.868013905	33	0	258	41	0	20
1786948966.990202584	33	0	258	41	0	20
1786948967.113997146	33	0	258	41	0	20
1786948967.241508773	33	0	258	41	0	20
1786948967.364129507	33	0	258	41	0	20
1786948967.487037754	33	0	258	41	0	20
1786948967.610066191	33	0	258	41	0	20
1786948967.733128634	33	0	258	41	0	20
1786948967.855641403	33	0	258	41	0	20
1786948967.994528380	33	0	258	41	0	20
1786948968.125718933	33	0	258	41	0	20
1786948968.249200534	33	0	258	41	0	20
1786948968.379514615	33	0	258	41	0	20
1786948968.506482032	33	0	258	41	0	20
1786948968.632777302	33	0	258	41	0	20
1786948968.755683920	33	0	258	41	0	20
1786948968.878879132	33	0	258	41	0	20
1786948969.002733807	33	0	258	41	0	20
1786948969.125585361	33	0	258	41	0	20
1786948969.247905970	33	0	258	41	0	20
1786948969.372359479	33	0	258	41	0	20
1786948969.495289941	33	0	258	41	0	20
1786948969.622449306	33	0	258	41	0	20
1786948969.745694844	33	0	258	41	0	20
1786948969.868585957	33	0	258	41	0	20
1786948969.992035793	33	0	258	41	0	20
1786948970.118976637	33	0	258	41	0	20
1786948970.242130960	33	0	258	41	0	20
1786948970.369033939	33	0	258	41	0	20
1786948970.498948498	33	0	258	41	0	20
1786948970.622020738	33	0	258	41	0	20
1786948970.744790079	33	0	258	41	0	20
1786948970.867812599	33	0	258	41	0	20
1786948970.990338358	33	0	258	41	0	20
1786948971.113481645	33	0	258	41	0	20
1786948971.236361931	33	0	258	41	0	20
1786948971.359142284	33	0	258	41	0	20
1786948971.482614487	33	0	258	41	0	20
1786948971.604977951	33	0	258	41	0	20
1786948971.727706834	33	0	258	41	0	20
1786948971.853875519	33	0	258	41	0	20
1786948971.980883883	33	0	258	41	0	20
1786948972.103283363	33	0	258	41	0	20
1786948972.225503603	33	0	258	41	0	20
1786948972.351694419	33	0	258	41	0	20
1786948972.474696811	33	0	258	41	0	20
1786948972.597388516	33	0	258	41	0	20
1786948972.720152240	33	0	258	41	0	20
1786948972.843278125	33	0	258	41	0	20
1786948972.965756886	33	0	258	41	0	20
1786948973.088334656	33	0	258	41	0	20
1786948973.211002240	33	0	258	41	0	20
1786948973.333518503	33	0	258	41	0	20
1786948973.456346746	33	0	258	41	0	20
1786948973.578964787	33	0	258	41	0	20
1786948973.702614435	33	0	258	41	0	20
1786948973.828594153	33	0	258	41	0	20
1786948973.952161237	33	0	258	41	0	20
1786948974.081423743	33	0	258	41	0	20
1786948974.204195707	33	0	258	41	0	20
1786948974.330076035	33	0	258	41	0	20
1786948974.456118972	33	0	258	41	0	20
1786948974.581945637	33	0	258	41	0	20
1786948974.704475603	33	0	258	41	0	20
1786948974.830614510	33	0	258	41	0	20
1786948974.952633926	33	0	258	41	0	20
1786948975.075344716	33	0	258	41	0	20
1786948975.198265774	33	0	258	41	0	20
1786948975.325264068	33	0	258	41	0	20
1786948975.450490871	33	0	258	41	0	20
1786948975.573211817	33	0	258	41	0	20
1786948975.699035022	33	0	258	41	0	20
1786948975.821986339	33	0	258	41	0	20
1786948975.949313905	33	0	258	41	0	20
1786948976.072069502	33	0	258	41	0	20
1786948976.194252844	33	0	258	41	0	20
1786948976.316907150	33	0	258	41	0	20
1786948976.439417158	33	0	258	41	0	20
1786948976.562182021	33	0	258	41	0	20
1786948976.684302107	33	0	258	41	0	20
1786948976.808035424	33	0	258	41	0	20
1786948976.940245910	33	0	258	41	0	20
1786948977.062913297	33	0	258	41	0	20
1786948977.189619960	33	0	258	41	0	20
1786948977.315422315	33	0	258	41	0	20
1786948977.438253011	33	0	258	41	0	20
1786948977.565187806	33	0	258	41	0	20
1786948977.690287170	33	0	258	41	0	20
1786948977.812367701	33	0	258	41	0	20
1786948977.934506366	33	0	258	41	0	20
1786948978.060338253	33	0	258	41	0	20
1786948978.182872198	33	0	258	41	0	20
1786948978.305621800	33	0	258	41	0	20
1786948978.428359591	33	0	258	41	0	20
1786948978.551166508	33	0	258	41	0	20
1786948978.680111111	33	0	258	41	0	20
1786948978.806587945	33	0	258	41	0	20
1786948978.936330166	33	0	258	41	0	20
1786948979.063614290	33	0	258	41	0	20
1786948979.186414182	33	0	258	41	0	20
1786948979.310181177	33	0	258	41	0	20
1786948979.432796515	33	0	258	41	0	20
1786948979.555170378	33	0	258	41	0	20
1786948979.677217635	33	0	258	41	0	20
1786948979.799912745	33	0	258	41	0	20
1786948979.922542790	33	0	258	41	0	20
1786948980.048956961	33	0	258	41	0	20
1786948980.175408953	33	0	258	41	0	20
1786948980.299084770	33	0	258	41	0	20
1786948980.422383587	33	0	258	41	0	20
1786948980.560406415	33	0	258	41	0	20
1786948980.683834514	33	0	258	41	0	20
1786948980.811347159	33	0	258	41	0	20
1786948980.933733084	33	0	258	41	0	20
1786948981.056261478	33	0	258	41	0	20
1786948981.187165241	33	0	258	41	0	20
1786948981.315230762	33	0	258	41	0	20
1786948981.441345920	33	0	258	41	0	20
1786948981.568735210	33	0	258	41	0	20
1786948981.691499609	33	0	258	41	0	20
1786948981.824381619	33	0	258	41	0	20
1786948981.954559430	33	0	258	41	0	20
1786948982.076997864	33	0	258	41	0	20
1786948982.206807829	33	0	258	41	0	20
1786948982.329635741	33	0	258	41	0	20
1786948982.455767259	33	0	258	41	0	20
1786948982.581182205	33	0	258	41	0	20
1786948982.709685880	33	0	258	41	0	20
1786948982.832739809	33	0	258	41	0	20
1786948982.955305246	33	0	258	41	0	20
1786948983.087632102	33	0	258	41	0	20
1786948983.217361931	33	0	258	41	0	20
1786948983.340609304	33	0	258	41	0	20
1786948983.469468412	33	0	258	41	0	20
1786948983.599058681	33	0	258	41	0	20
1786948983.722370267	33	0	258	41	0	20
1786948983.856558521	33	0	258	41	0	20
1786948983.980436121	33	0	258	41	0	20
1786948984.102834751	33	0	258	41	0	20
1786948984.225493764	33	0	258	41	0	20
1786948984.348529348	33	0	258	41	0	20
1786948984.471448287	33	0	258	41	0	20
1786948984.594077464	33	0	258	41	0	20
1786948984.716915281	33	0	258	41	0	20
1786948984.839279641	33	0	258	41	0	20
1786948984.969970963	33	0	258	41	0	20
1786948985.093647919	33	0	258	41	0	20
1786948985.217102517	33	0	258	41	0	20
1786948985.339962784	33	0	258	41	0	20
1786948985.464346202	33	0	258	41	0	20
1786948985.587884519	33	0	258	41	0	20
1786948985.713976127	33	0	258	41	0	20
1786948985.840392723	33	0	258	41	0	20
1786948985.966864216	33	0	258	41	0	20
1786948986.090758187	33	0	258	41	0	20
1786948986.213581551	33	0	258	41	0	20
1786948986.339822458	33	0	258	41	0	20
1786948986.465694374	33	0	258	41	0	20
1786948986.588566063	33	0	258	41	0	20
1786948986.711270239	33	0	258	41	0	20
1786948986.837752614	33	0	258	41	0	20
1786948986.962689075	33	0	258	41	0	20
1786948987.087096704	33	0	258	41	0	20
1786948987.211004032	33	0	258	41	0	20
1786948987.334421726	33	0	258	41	0	20
1786948987.467056577	33	0	258	41	0	20
1786948987.597524540	33	0	258	41	0	20
1786948987.720539030	33	0	258	41	0	20
1786948987.844188167	33	0	258	41	2304	20
1786948987.966913587	33	0	258	41	0	20
1786948988.097642042	33	0	258	41	0	20
1786948988.220807418	33	0	258	41	0	20
1786948988.351017694	33	0	258	41	0	20
1786948988.474753265	33	0	258	41	0	20
1786948988.597590434	33	0	258	41	0	20
1786948988.724257949	33	0	258	41	0	20
1786948988.846990371	33	0	258	41	0	20
1786948988.976990637	33	0	258	41	0	20
1786948989.099904767	33	0	258	41	0	20
1786948989.222694662	33	0	258	41	0	20
1786948989.345734825	33	0	258	41	0	20
1786948989.468782677	33	0	258	41	0	20
1786948989.592072757	33	0	258	41	0	20
1786948989.715267899	33	0	258	41	0	20
1786948989.837731894	33	0	258	41	0	20
1786948989.961380121	33	0	258	41	0	20
1786948990.084474950	33	0	258	41	0	20
1786948990.214778280	33	0	258	41	0	20
1786948990.341666606	33	0	258	41	0	20
1786948990.467679238	33	0	258	41	0	20
1786948990.590893493	33	0	258	41	0	20
1786948990.720831452	33	0	258	41	0	20
1786948990.843289225	33	0	258	41	0	20
1786948990.966647484	33	0	258	41	0	20
1786948991.089352137	33	0	258	41	0	20
1786948991.219672260	33	0	258	41	0	20
1786948991.352650625	33	0	258	41	0	20
1786948991.479576274	33	0	258	41	0	20
1786948991.603094241	33	0	258	41	0	20
1786948991.726151139	33	0	258	41	0	20
1786948991.852842954	33	0	258	41	0	20
1786948991.994808519	33	0	258	41	0	20
1786948992.117808188	33	0	258	41	0	20
1786948992.241026440	33	0	258	41	0	20
1786948992.363761103	33	0	258	41	0	20
1786948992.486557701	33	0	258	41	0	20
1786948992.613731035	33	0	258	41	0	20
1786948992.740605519	33	0	258	41	0	20
1786948992.867261383	33	0	258	41	0	20
1786948992.990656635	33	0	258	41	0	20
1786948993.120645540	33	0	258	41	0	20
1786948993.254758647	33	0	258	41	0	20
1786948993.377819083	33	0	258	41	0	20
1786948993.507587307	33	0	258	41	0	20
1786948993.634589984	33	0	258	41	0	20
1786948993.768805079	33	0	258	41	0	20
1786948993.896048380	33	0	258	41	0	20
1786948994.019490213	33	0	258	41	0	20
1786948994.146114334	33	0	258	41	0	20
1786948994.276568600	33	0	258	41	0	20
1786948994.403748156	33	0	258	41	0	20
1786948994.526954484	33	0	258	41	0	20
1786948994.653524932	33	0	258	41	0	20
1786948994.780580085	33	0	258	41	0	20
1786948994.915814484	33	0	258	41	0	20
1786948995.038809946	33	0	258	41	0	20
1786948995.166159441	33	0	258	41	0	20
1786948995.292825444	33	0	258	41	0	20
1786948995.416681995	33	0	258	41	0	20
1786948995.539789655	33	0	258	41	0	20
1786948995.663136460	33	0	258	41	0	20
1786948995.790083461	33	0	258	41	0	20
1786948995.913305225	33	0	258	41	0	20
1786948996.037359262	33	0	258	41	0	20
1786948996.161692214	33	0	258	41	0	20
1786948996.288052971	33	0	258	41	0	20
1786948996.414446742	33	0	258	41	0	20
1786948996.537797970	33	0	258	41	0	20
1786948996.665714950	33	0	258	41	0	20
1786948996.798531375	33	0	258	41	0	20
1786948996.925645733	33	0	258	41	0	20
1786948997.049686985	33	0	258	41	0	20
1786948997.173288861	33	0	258	41	0	20
1786948997.296577747	33	0	258	41	2304	20
1786948997.419827967	33	0	258	41	0	20
1786948997.546682209	33	0	258	41	0	20
1786948997.673701521	33	0	258	41	0	20
1786948997.800405061	33	0	258	41	0	20
1786948997.931600496	33	0	258	41	0	20
1786948998.058671396	33	0	258	41	0	20
1786948998.181519211	33	0	258	41	0	20
1786948998.304512023	33	0	258	41	0	20
1786948998.427561318	33	0	258	41	0	20
1786948998.551249471	33	0	258	41	0	20
1786948998.674417963	33	0	258	41	0	20
1786948998.801020623	33	0	258	41	0	20
1786948998.924579602	33	0	258	41	0	20
1786948999.058871531	33	0	258	41	0	20
1786948999.193582525	33	0	258	41	0	20
1786948999.324173474	33	0	258	41	0	20
1786948999.447694003	33	0	258	41	0	20
1786948999.571043704	33	0	258	41	0	20
1786948999.694037207	33	0	258	41	0	20
1786948999.821469418	33	0	258	41	0	20
1786948999.948645934	33	0	258	41	0	20
1786949000.072597279	33	0	258	41	0	20
1786949000.195658345	33	0	258	41	0	20
1786949000.318514660	33	0	258	41	0	20
1786949000.453425610	33	0	258	41	0	20
1786949000.576406178	33	0	258	41	0	20
1786949000.710836767	33	0	258	41	0	20
1786949000.833511774	33	0	258	41	0	20
1786949000.960922196	33	0	258	41	0	20
1786949001.092063891	33	0	258	41	0	20
1786949001.226743651	33	0	258	41	0	20
1786949001.353670115	33	0	258	41	0	20
1786949001.480422520	33	0	258	41	0	20
1786949001.607541576	33	0	258	41	0	20
1786949001.741868325	33	0	258	41	0	20
1786949001.871724021	33	0	258	41	0	20
1786949001.998743204	33	0	258	41	0	20
1786949002.121681016	33	0	258	41	0	20
1786949002.253719727	33	0	258	41	0	20
1786949002.376708914	33	0	258	41	0	20
1786949002.499966916	33	0	258	41	0	20
1786949002.623475165	33	0	258	41	0	20
1786949002.746626675	33	0	258	41	0	20
1786949002.869920514	33	0	258	41	0	20
1786949002.993441159	33	0	258	41	0	20
1786949003.116766434	33	0	258	41	0	20
1786949003.241146005	33	0	258	41	0	20
1786949003.377933819	33	0	258	41	0	20
1786949003.509349125	33	0	258	41	0	20
1786949003.633001919	33	0	258	41	0	20
1786949003.759988990	33	0	258	41	0	20
1786949003.882840482	33	0	258	41	0	20
1786949004.007276952	33	0	258	41	0	20
1786949004.134362864	33	0	258	41	0	20
1786949004.257500593	33	0	258	41	0	20
1786949004.381273683	33	0	258	41	0	20
1786949004.518809597	33	0	258	41	0	20
1786949004.643183269	33	0	258	41	0	20
1786949004.767624197	33	0	258	41	0	20
1786949004.890992907	33	0	258	41	0	20
1786949005.022497584	33	0	258	41	0	20
1786949005.158737698	33	0	258	41	0	20
1786949005.287396622	33	0	258	41	0	20
1786949005.414602707	33	0	258	41	0	20
1786949005.548425472	33	0	258	41	0	20
1786949005.676331865	33	0	258	41	0	20
1786949005.799214202	33	0	258	41	0	20
1786949005.922247364	33	0	258	41	0	20
1786949006.064589169	33	0	258	41	0	20
1786949006.195189191	33	0	258	41	0	20
1786949006.318762989	33	0	258	41	0	20
1786949006.442290937	33	0	258	41	0	20
1786949006.565327520	33	0	258	41	0	20
1786949006.692737509	33	0	258	41	0	20
1786949006.816525462	33	0	258	41	0	20
1786949006.939184781	33	0	258	41	0	20
1786949007.064742238	33	0	258	41	0	20
1786949007.188659384	33	0	258	41	0	20
1786949007.319289243	33	0	258	41	0	20
1786949007.443496591	33	0	258	41	0	20
1786949007.566826216	33	0	258	41	0	20
1786949007.699213171	33	0	258	41	0	20
1786949007.833795253	33	0	258	41	0	20
1786949007.957724768	33	0	258	41	0	20
1786949008.084893878	33	0	258	41	2304	20
1786949008.211915947	33	0	258	41	0	20
1786949008.345662466	33	0	258	41	0	20
1786949008.470240490	33	0	258	41	0	20
1786949008.600459671	33	0	258	41	0	20
1786949008.724322558	33	0	258	41	0	20
1786949008.851425425	33	0	258	41	0	20
1786949008.974970685	33	0	258	41	0	20
1786949009.097875486	33	0	258	41	0	20
1786949009.221866904	33	0	258	41	0	20
1786949009.346595735	33	0	258	41	0	20
1786949009.473966633	33	0	258	41	0	20
1786949009.601124369	33	0	258	41	0	20
1786949009.736809293	33	0	258	41	0	20
1786949009.867250130	33	0	258	41	0	20
1786949009.994685226	33	0	258	41	0	20
1786949010.122092308	33	0	258	41	0	20
1786949010.249172581	33	0	258	41	0	20
1786949010.372069544	33	0	258	41	0	20
1786949010.495222923	33	0	258	41	0	20
1786949010.618346768	33	0	258	41	0	20
1786949010.742322199	33	0	258	41	0	20
1786949010.866165782	33	0	258	41	0	20
1786949010.988831135	33	0	258	41	0	20
1786949011.112108708	33	0	258	41	0	20
1786949011.238777930	33	0	258	41	0	20
1786949011.362335214	33	0	258	41	0	20
1786949011.495859375	33	0	258	41	0	20
1786949011.619073209	33	0	258	41	0	20
1786949011.754576370	33	0	258	41	0	20
1786949011.877914017	33	0	258	41	0	20
1786949012.000712664	33	0	258	41	0	20
1786949012.124252829	33	0	258	41	0	20
1786949012.251216569	33	0	258	41	0	20
1786949012.378515900	33	0	258	41	0	20
1786949012.502503237	33	0	258	41	0	20
1786949012.626145370	33	0	258	41	0	20
1786949012.753592636	33	0	258	41	0	20
1786949012.876697353	33	0	258	41	0	20
1786949013.004284995	33	0	258	41	0	20
1786949013.127313876	33	0	258	41	0	20
1786949013.259395236	33	0	258	41	0	20
1786949013.383188385	33	0	258	41	0	20
1786949013.506102030	33	0	258	41	0	20
1786949013.633767753	33	0	258	41	0	20
1786949013.767679800	33	0	258	41	0	20
1786949013.890929873	33	0	258	41	0	20
1786949014.019500608	33	0	258	41	0	20
1786949014.153133339	33	0	258	41	0	20
1786949014.283175372	33	0	258	41	0	20
1786949014.406443092	33	0	258	41	0	20
1786949014.537672310	33	0	258	41	0	20
1786949014.666484870	33	0	258	41	0	20
1786949014.790337030	33	0	258	41	0	20
1786949014.913322350	33	0	258	41	0	20
1786949015.040384841	33	0	258	41	0	20
1786949015.164258649	33	0	258	41	0	20
1786949015.287373895	33	0	258	41	0	20
1786949015.410815198	33	0	258	41	0	20
1786949015.533292095	33	0	258	41	0	20
1786949015.657095947	33	0	258	41	0	20
1786949015.799143684	33	0	258	41	0	20
1786949015.930046624	33	0	258	41	0	20
1786949016.057047916	33	0	258	41	0	20
1786949016.184212360	33	0	258	41	0	20
1786949016.307405754	33	0	258	41	0	20
1786949016.431344208	33	0	258	41	0	20
1786949016.555190369	33	0	258	41	0	20
1786949016.685668279	33	0	258	41	0	20
1786949016.810836551	33	0	258	41	0	20
1786949016.934376917	33	0	258	41	0	20
1786949017.069373179	33	0	258	41	0	20
1786949017.193266128	33	0	258	41	0	20
1786949017.323991786	33	0	258	41	0	20
1786949017.454364407	33	0	258	41	0	20
1786949017.577283470	33	0	258	41	0	20
1786949017.704452461	33	0	258	41	0	20
1786949017.832481060	33	0	258	41	0	20
1786949017.955342852	33	0	258	41	0	20
1786949018.086689106	33	0	258	41	0	20
1786949018.209958215	33	0	258	41	0	20
1786949018.337009708	33	0	258	41	0	20
1786949018.460255936	33	0	258	41	0	20
1786949018.583264143	33	0	258	41	0	20
1786949018.706722157	33	0	258	41	0	20
1786949018.830183946	33	0	258	41	0	20
1786949018.957407841	33	0	258	41	0	20
1786949019.096396486	33	0	258	41	0	20
1786949019.221597628	33	0	258	41	0	20
1786949019.348478260	33	0	258	41	0	20
1786949019.476560997	33	0	258	41	0	20
1786949019.607181328	33	0	258	41	0	20
1786949019.737231606	33	0	258	41	0	20
1786949019.862172593	33	0	258	41	0	20
1786949019.993492613	33	0	258	41	0	20
1786949020.116867986	33	0	258	41	0	20
1786949020.251665715	33	0	258	41	0	20
1786949020.379257160	33	0	258	41	0	20
1786949020.505428456	33	0	258	41	0	20
1786949020.627761033	33	0	258	41	0	20
1786949020.767471019	33	0	258	41	0	20
1786949020.896381207	33	0	258	41	0	20
1786949021.022343788	33	0	258	41	0	20
1786949021.146075733	33	0	258	41	0	20
1786949021.276829787	33	0	258	41	0	20
1786949021.414893788	33	0	258	41	0	20
1786949021.542583665	33	0	258	41	0	20
1786949021.665393921	33	0	258	41	0	20
1786949021.788355105	33	0	258	41	0	20
1786949021.911553565	33	0	258	41	0	20
1786949022.038567103	33	0	258	41	0	20
1786949022.162071065	33	0	258	41	0	20
1786949022.285140069	33	0	258	41	0	20
1786949022.409078201	33	0	258	41	0	20
1786949022.537339191	33	0	258	41	0	20
1786949022.668418816	33	0	258	41	0	20
1786949022.802738305	33	0	258	41	0	20
1786949022.925998532	33	0	258	41	0	20
1786949023.049404856	33	0	258	41	0	20
1786949023.182676875	33	0	258	41	0	20
1786949023.306484827	33	0	258	41	0	20
1786949023.429478416	33	0	258	41	0	20
1786949023.552520011	33	0	258	41	0	20
1786949023.675547465	33	0	258	41	0	20
1786949023.806498531	33	0	258	41	0	20
1786949023.934221225	33	0	258	41	0	20
1786949024.058102150	33	0	258	41	0	20
1786949024.181167837	33	0	258	41	0	20
1786949024.304259942	33	0	258	41	0	20
1786949024.426572127	33	0	258	41	0	20
1786949024.550363668	33	0	258	41	0	20
1786949024.680819373	33	0	258	41	0	20
1786949024.808305551	33	0	258	41	0	20
1786949024.935802632	33	0	258	41	0	20
1786949025.071504852	33	0	258	41	0	20
1786949025.198942093	33	0	258	41	0	20
1786949025.321868474	33	0	258	41	0	20
1786949025.445421760	33	0	258	41	0	20
1786949025.575645485	33	0	258	41	0	20
1786949025.698297157	33	0	258	41	0	20
1786949025.822771336	33	0	258	41	0	20
1786949025.946230819	33	0	258	41	0	20
1786949026.069097634	33	0	258	41	0	20
1786949026.192191574	33	0	258	41	0	20
1786949026.315015127	33	0	258	41	0	20
1786949026.441233314	33	0	258	41	0	20
1786949026.564997150	33	0	258	41	0	20
1786949026.692685106	33	0	258	41	0	20
1786949026.816015159	33	0	258	41	0	20
1786949026.939422423	33	0	258	41	0	20
1786949027.063644419	33	0	258	41	0	20
1786949027.187700647	33	0	258	41	0	20
1786949027.310587757	33	0	258	41	0	20
1786949027.438057299	33	0	258	41	0	20
1786949027.562144630	33	0	258	41	0	20
1786949027.684495789	33	0	258	41	0	20
1786949027.819538679	33	0	258	41	0	20
1786949027.948217620	33	0	258	41	0	20
1786949028.079335520	33	0	258	41	0	20
1786949028.202739822	33	0	258	41	0	20
1786949028.326436481	33	0	258	41	0	20
1786949028.454212064	33	0	258	41	0	20
1786949028.582161286	33	0	258	41	2304	20
1786949028.708897641	33	0	258	41	0	20
1786949028.831544119	33	0	258	41	0	20
1786949028.954935268	33	0	258	41	0	20
1786949029.082548684	33	0	258	41	0	20
1786949029.205441898	33	0	258	41	0	20
1786949029.328499431	33	0	258	41	0	20
1786949029.455814133	33	0	258	41	0	20
1786949029.578915559	33	0	258	41	0	20
1786949029.709732689	33	0	258	41	0	20
1786949029.831788389	33	0	258	41	0	20
1786949029.955082556	33	0	258	41	0	20
1786949030.077619326	33	0	258	41	0	20
1786949030.200880233	33	0	258	41	0	20
1786949030.328619113	33	0	258	41	0	20
1786949030.454654480	33	0	258	41	0	20
1786949030.580742864	33	0	258	41	0	20
1786949030.703620444	33	0	258	41	0	20
1786949030.831545676	33	0	258	41	0	20
1786949030.958950172	33	0	258	41	0	20
1786949031.083637573	33	0	258	41	0	20
1786949031.208487420	33	0	258	41	0	20
1786949031.332556146	33	0	258	41	0	20
1786949031.456558224	33	0	258	41	0	20
1786949031.585486356	33	0	258	41	0	20
1786949031.710187369	33	0	258	41	0	20
1786949031.837947922	33	0	258	41	0	20
1786949031.962106035	33	0	258	41	0	20
1786949032.084841545	33	0	258	41	0	20
1786949032.208688829	33	0	258	41	0	20
1786949032.333747117	33	0	258	41	0	20
1786949032.471151026	33	0	258	41	0	20
1786949032.595231356	33	0	258	41	0	20
1786949032.718887085	33	2304	258	41	0	20
1786949032.843513175	33	0	258	41	0	20
1786949032.974556354	33	0	258	41	0	20
1786949033.097912052	33	0	258	41	0	20
1786949033.225986679	33	0	258	41	0	20
1786949033.352022212	33	0	258	41	0	20
1786949033.483929749	33	0	258	41	0	20
1786949033.607320101	33	0	258	41	0	20
1786949033.730709160	33	0	258	41	0	20
1786949033.854648056	33	0	258	41	0	20
1786949033.979177863	33	0	258	41	0	20
1786949034.109222835	33	0	258	41	0	20
1786949034.233361363	33	0	258	41	0	20
1786949034.356725538	33	0	258	41	0	20
1786949034.485759744	33	0	258	41	0	20
1786949034.612852750	33	0	258	41	0	20
1786949034.740570772	33	0	258	41	0	20
1786949034.864065649	33	0	258	41	0	20
1786949034.988801470	33	0	258	41	0	20
1786949035.122198697	33	0	258	41	0	20
1786949035.250419004	33	0	258	41	0	20
1786949035.376124742	33	0	258	41	0	20
1786949035.501340945	33	0	258	41	0	20
1786949035.624790638	33	0	258	41	0	20
1786949035.753819134	33	0	258	41	0	20
1786949035.877318886	33	0	258	41	0	20
1786949036.001115203	33	0	258	41	0	20
1786949036.124101301	33	0	258	41	0	20
1786949036.249930203	33	0	258	41	0	20
1786949036.380237628	33	0	258	41	0	20
1786949036.509181167	33	0	258	41	0	20
1786949036.632496571	33	0	258	41	0	20
1786949036.758919624	33	0	258	41	0	20
1786949036.886656413	33	0	258	41	0	20
1786949037.010119743	33	0	258	41	0	20
1786949037.134762897	33	0	258	41	0	20
1786949037.259474669	33	0	258	41	0	20
1786949037.392256378	33	0	258	41	0	20
1786949037.516334534	33	0	258	41	0	20
1786949037.641629930	33	0	258	41	0	20
1786949037.766078304	33	0	258	41	0	20
1786949037.889530773	33	0	258	41	0	20
1786949038.013455304	33	0	258	41	0	20
1786949038.136789026	33	0	258	41	0	20
1786949038.267116548	33	0	258	41	0	20
1786949038.390651363	33	0	258	41	0	20
1786949038.514563948	33	0	258	41	0	20
1786949038.641762465	33	0	258	41	0	20
1786949038.769247421	33	0	258	41	0	20
1786949038.892372783	33	0	258	41	0	20
1786949039.021682213	33	0	258	41	0	20
1786949039.152076115	33	0	258	41	0	20
1786949039.275595022	33	0	258	41	0	20
1786949039.399915948	33	0	258	41	0	20
1786949039.523573403	33	0	258	41	0	20
1786949039.646589515	33	0	258	41	0	20
1786949039.770211926	33	0	258	41	0	20
1786949039.896988786	33	0	258	41	0	20
1786949040.020912602	33	0	258	41	0	20
1786949040.146381711	33	0	258	41	0	20
1786949040.269913298	33	0	258	41	0	20
1786949040.395379851	33	0	258	41	0	20
1786949040.519347718	33	0	258	41	0	20
1786949040.642679690	33	0	258	41	0	20
1786949040.766003843	33	0	258	41	0	20
1786949040.889758466	33	0	258	41	0	20
1786949041.012754140	33	0	258	41	0	20
1786949041.136486609	33	0	258	41	0	20
1786949041.259991666	33	0	258	41	0	20
1786949041.386456358	33	0	258	41	0	20
1786949041.509943049	33	0	258	41	0	20
1786949041.635969643	33	0	258	41	0	20
1786949041.759106917	33	0	258	41	0	20
1786949041.883367918	33	0	258	41	0	20
1786949042.011018921	33	0	258	41	0	20
1786949042.135696555	33	0	258	41	0	20
1786949042.259086474	33	0	258	41	0	20
1786949042.382932624	33	0	258	41	0	20
1786949042.507972987	33	0	258	41	0	20
1786949042.634235913	33	0	258	41	0	20
1786949042.760760277	33	0	258	41	0	20
1786949042.884161529	33	0	258	41	0	20
1786949043.007948033	33	0	258	41	0	20
1786949043.131166621	33	0	258	41	0	20
1786949043.254856584	33	0	258	41	0	20
1786949043.378742272	33	0	258	41	0	20
1786949043.503749744	33	0	258	41	0	20
1786949043.628396172	33	0	258	41	0	20
1786949043.753735429	33	0	258	41	0	20
1786949043.876964471	33	0	258	41	0	20
1786949044.000363547	33	0	258	41	0	20
1786949044.123526933	33	0	258	41	0	20
1786949044.246577574	33	0	258	41	0	20
1786949044.373185379	33	0	258	41	0	20
1786949044.496789546	33	0	258	41	0	20
1786949044.625706931	33	0	258	41	0	20
1786949044.749787834	33	0	258	41	0	20
1786949044.872577471	33	0	258	41	0	20
1786949044.995996008	33	0	258	41	0	20
1786949045.119165457	33	0	258	41	0	20
1786949045.244073397	33	0	258	41	0	20
1786949045.367942681	33	0	258	41	0	20
1786949045.491324199	33	0	258	41	0	20
1786949045.615316086	33	0	258	41	0	20
1786949045.742178199	33	0	258	41	0	20
1786949045.865825352	33	0	258	41	0	20
1786949045.988815645	33	0	258	41	0	20
1786949046.117518003	33	0	258	41	0	20
1786949046.242040490	33	0	258	41	0	20
1786949046.367767004	33	0	258	41	0	20
1786949046.493953429	33	0	258	41	0	20
1786949046.618569426	33	0	258	41	0	20
1786949046.741962604	33	0	258	41	0	20
1786949046.864751541	33	0	258	41	0	20
1786949046.988447364	33	0	258	41	0	20
1786949047.112476785	33	0	258	41	0	20
1786949047.235951929	33	0	258	41	0	20
1786949047.359592993	33	0	258	41	0	20
1786949047.485816449	33	0	258	41	0	20
1786949047.609397226	33	0	258	41	0	20
1786949047.732944241	33	0	258	41	0	20
1786949047.856267076	33	0	258	41	0	20
1786949047.979773934	33	0	258	41	0	20
1786949048.102986078	33	0	258	41	0	20
1786949048.226779633	33	0	258	41	0	20
1786949048.350638953	33	0	258	41	0	20
1786949048.474110920	33	0	258	41	0	20
1786949048.597785401	33	0	258	41	0	20
1786949048.722031553	33	0	258	41	0	20
1786949048.845702092	33	0	258	41	0	20
1786949048.969370341	33	0	258	41	0	20
1786949049.096910024	33	0	258	41	0	20
1786949049.220497205	33	0	258	41	0	20
1786949049.345196636	33	0	258	41	0	20
1786949049.469180867	33	0	258	41	0	20
1786949049.596090316	33	0	258	41	2304	20
1786949049.720128358	33	0	258	41	0	20
1786949049.844267991	33	0	258	41	0	20
1786949049.967490029	33	0	258	41	0	20
1786949050.091952974	33	0	258	41	0	20
1786949050.215866382	33	0	258	41	0	20
1786949050.342845849	33	0	258	41	0	20
1786949050.466831761	33	0	258	41	0	20
1786949050.594270571	33	0	258	41	0	20
1786949050.717734701	33	0	258	41	0	20
1786949050.842253807	33	0	258	41	0	20
1786949050.966119209	33	0	258	41	0	20
1786949051.090519417	33	0	258	41	0	20
1786949051.214163346	33	0	258	41	0	20
1786949051.337954494	33	0	258	41	0	20
1786949051.462270020	33	0	258	41	0	20
1786949051.589783463	33	0	258	41	0	20
1786949051.715640707	33	0	258	41	0	20
1786949051.842960134	33	0	258	41	0	20
1786949051.968137546	33	0	258	41	0	20
1786949052.092802913	33	0	258	41	0	20
1786949052.218544415	33	0	258	41	0	20
1786949052.342722133	33	0	258	41	0	20
1786949052.466203542	33	0	258	41	0	20
1786949052.590789919	33	0	258	41	0	20
1786949052.715900150	33	0	258	41	0	20
1786949052.847986874	33	0	258	41	0	20
1786949052.971981906	33	0	258	41	0	20
1786949053.095933462	33	0	258	41	0	20
1786949053.220120405	33	0	258	41	0	20
1786949053.343869263	33	0	258	41	0	20
1786949053.467252245	33	0	258	41	0	20
1786949053.590788018	33	0	258	41	0	20
1786949053.715599640	33	0	258	41	0	20
1786949053.841008469	33	0	258	41	0	20
1786949053.965338075	33	0	258	41	0	20
1786949054.089700666	33	0	258	41	0	20
1786949054.213418423	33	0	258	41	0	20
1786949054.340967584	33	0	258	41	0	20
1786949054.467889130	33	0	258	41	0	20
1786949054.591428933	33	0	258	41	0	20
1786949054.718861838	33	0	258	41	0	20
1786949054.846089995	33	0	258	41	0	20
1786949054.970324090	33	0	258	41	0	20
1786949055.094367313	33	0	258	41	2304	20
1786949055.222709394	33	0	258	41	0	20
1786949055.346935023	33	0	258	41	0	20
1786949055.471002388	33	0	258	41	0	20
1786949055.603817245	33	0	258	41	0	20
1786949055.729000842	33	0	258	41	0	20
1786949055.856690707	33	0	258	41	0	20
1786949055.980821969	33	0	258	41	0	20
1786949056.104369637	33	0	258	41	0	20
1786949056.229455395	33	0	258	41	0	20
1786949056.353385513	33	0	258	41	0	20
1786949056.477455055	33	0	258	41	0	20
1786949056.601680144	33	0	258	41	0	20
1786949056.729484534	33	0	258	41	0	20
1786949056.853370740	33	0	258	41	0	20
1786949056.977325395	33	0	258	41	0	20
1786949057.102389205	33	0	258	41	0	20
1786949057.226277177	33	0	258	41	0	20
1786949057.355173185	33	0	258	41	0	20
1786949057.480218741	33	0	258	41	0	20
1786949057.604795103	33	0	258	41	0	20
1786949057.728501026	33	0	258	41	0	20
1786949057.859499826	33	0	258	41	0	20
1786949057.983166887	33	0	258	41	0	20
1786949058.106686227	33	0	258	41	0	20
1786949058.229881848	33	0	258	41	0	20
1786949058.353602857	33	0	258	41	0	20
1786949058.476828053	33	0	258	41	0	20
1786949058.600594167	33	0	258	41	0	20
1786949058.726893043	33	0	258	41	0	20
1786949058.850597236	33	0	258	41	0	20
1786949058.978276336	33	0	258	41	0	20
1786949059.102652979	33	0	258	41	0	20
1786949059.226347192	33	0	258	41	0	20
1786949059.349933755	33	0	258	41	0	20
1786949059.473168168	33	0	258	41	0	20
1786949059.600393926	33	0	258	41	0	20
1786949059.727681220	33	0	258	41	0	20
1786949059.855423152	33	0	258	41	0	20
1786949059.978938902	33	0	258	41	0	20
1786949060.106572641	33	0	258	41	0	20
1786949060.236910186	33	0	258	41	0	20
1786949060.361628181	33	0	258	41	0	20
1786949060.489043333	33	0	258	41	0	20
1786949060.612642711	33	0	258	41	0	20
1786949060.735939752	33	0	258	41	0	20
1786949060.860944058	33	0	258	41	0	20
1786949060.983599745	33	0	258	41	0	20
1786949061.110556334	33	0	258	41	0	20
1786949061.233197090	33	0	258	41	0	20
1786949061.356760136	33	0	258	41	0	20
1786949061.487491247	33	0	258	41	0	20
1786949061.611459662	33	0	258	41	0	20
1786949061.734868083	33	0	258	41	0	20
1786949061.862760824	33	0	258	41	0	20
1786949061.986189281	33	0	258	41	0	20
1786949062.108977116	33	0	258	41	0	20
1786949062.232334789	33	0	258	41	0	20
1786949062.356361279	33	0	258	41	0	20
1786949062.480812793	33	0	258	41	0	20
1786949062.604612887	33	0	258	41	0	20
1786949062.727759846	33	0	258	41	0	20
1786949062.858374346	33	2304	258	41	0	20
1786949062.986755075	33	0	258	41	0	20
1786949063.110438667	33	0	258	41	0	20
1786949063.234326243	33	0	258	41	0	20
1786949063.361016637	33	0	258	41	0	20
1786949063.492096379	33	0	258	41	0	20
1786949063.615201236	33	0	258	41	0	20
1786949063.739302116	33	0	258	41	0	20
1786949063.863323989	33	0	258	41	0	20
1786949063.986338039	33	0	258	41	0	20
1786949064.111336588	33	0	258	41	0	20
1786949064.242942979	33	0	258	41	0	20
1786949064.377600381	33	0	258	41	0	20
1786949064.501360800	33	0	258	41	0	20
1786949064.624765692	33	0	258	41	0	20
1786949064.748569961	33	0	258	41	0	20
1786949064.871590865	33	0	258	41	0	20
1786949064.999034239	33	0	258	41	0	20
1786949065.121921729	33	0	258	41	0	20
1786949065.252005514	33	0	258	41	0	20
1786949065.375460609	33	0	258	41	0	20
1786949065.504590040	33	0	258	41	0	20
1786949065.633071739	33	0	258	41	0	20
1786949065.756631774	33	0	258	41	0	20
1786949065.886713657	33	0	258	41	0	20
1786949066.028580204	33	0	258	41	0	20
1786949066.151531182	33	0	258	41	0	20
1786949066.275672986	33	0	258	41	0	20
1786949066.398810515	33	0	258	41	0	20
1786949066.523453475	33	0	258	41	0	20
1786949066.654736555	33	0	258	41	0	20
1786949066.778787406	33	0	258	41	0	20
1786949066.901927857	33	0	258	41	0	20
1786949067.028743676	33	0	258	41	0	20
1786949067.152491036	33	0	258	41	0	20
1786949067.275510694	33	0	258	41	0	20
1786949067.398675516	33	0	258	41	0	20
1786949067.529489954	33	0	258	41	0	20
1786949067.652682926	33	0	258	41	0	20
1786949067.775817383	33	0	258	41	0	20
1786949067.901069348	33	0	258	41	0	20
1786949068.027789317	33	0	258	41	0	20
1786949068.164812592	33	0	258	41	0	20
1786949068.302999582	33	0	258	41	0	20
1786949068.443958217	33	0	258	41	0	20
1786949068.583014439	33	0	258	41	0	20
1786949068.718867319	33	0	258	41	0	20
1786949068.849493723	33	0	258	41	0	20
1786949068.976604723	33	0	258	41	0	20
